database_identifier	chemical_formula	smiles	inchi	metabolite_identification	mass_to_charge	fragmentation	modifications	charge	retention_time	taxid	species	database	database_version	reliability	uri	search_engine	search_engine_score	smallmolecule_abundance_sub	smallmolecule_abundance_stdev_sub	smallmolecule_abundance_std_error_sub	HeLa1	HeLa2	HeLa3	HeLa4	HeLa5	HeLa6	HeLa7	HeLa8	HeLa9	HeLa10	HeLa11	HeLa12	RAW1	RAW2	RAW3	RAW4	RAW5	RAW6	RAW7	RAW8	RAW9	RAW10	RAW11	RAW12
CHEBI:16335	C10H13N5O4	Nc1ncnc2n(cnc12)[C@@H]1O[C@H](CO)[C@@H](O)[C@H]1O	InChI=1S/C10H13N5O4/c11-8-5-9(13-2-12-8)15(3-14-5)10-7(18)6(17)4(1-16)19-10/h2-4,6-7,10,16-18H,1H2,(H2,11,12,13)/t4-,6-,7-,10-/m1/s1	Adenosine	266.089		M-H		3.31												395458	436093	337922	394635	363635	424170	380567	368385	222357	333595	401310	369881	75745	69164	228644	332507	346638	327768	374740	270352	303757	347880	362246	277982
CHEBI:16761	C10H15N5O10P2	Nc1ncnc2n(cnc12)[C@@H]1O[C@H](COP(O)(=O)OP(O)(O)=O)[C@@H](O)[C@H]1O	InChI=1S/C10H15N5O10P2/c11-8-5-9(13-2-12-8)15(3-14-5)10-7(17)6(16)4(24-10)1-23-27(21,22)25-26(18,19)20/h2-4,6-7,10,16-17H,1H2,(H,21,22)(H2,11,12,13)(H2,18,19,20)/t4-,6-,7-,10-/m1/s1	ADP	426.022		M-H		11.66												5888635	6764250	6373418	2513837	3233851	3341055	8006954	8538322	2714506	7904487	3495335	3007393	14672464	17356279	13064017	7755084	10523618	12182059	14930205	20003087	14820809	11521289	11730441	14566635
CHEBI:16449	C3H7NO2	CC(N)C(O)=O	InChI=1S/C3H7NO2/c1-2(4)3(5)6/h2H,4H2,1H3,(H,5,6)	Alanine	88.04		M-H		9.37												NF	NF	NF	NF	NF	NF	NF	NF	NF	NF	NF	NF	50346202	47740594	45570935	33389377	41469619	42956352	50578076	47916427	42742097	46277532	50580220	53782225
CHEBI:30915	C5H6O5	OC(=O)CCC(=O)C(O)=O	InChI=1S/C5H6O5/c6-3(5(9)10)1-2-4(7)8/h1-2H2,(H,7,8)(H,9,10)	alpha-Ketoglutarate	145.014		M-H		11.31												8736888	10095524	9259386	9097427	8408640	10100320	7888784	8436210	6527473	8534258	8015617	7901513	95148316	95143716	88652054	69027126	83174210	86049446	83079266	84718883	77918107	71138669	77778281	82440898
CHEBI:16027	C10H14N5O7P	Nc1ncnc2n(cnc12)[C@@H]1O[C@H](COP(O)(O)=O)[C@@H](O)[C@H]1O	InChI=1S/C10H14N5O7P/c11-8-5-9(13-2-12-8)15(3-14-5)10-7(17)6(16)4(22-10)1-21-23(18,19)20/h2-4,6-7,10,16-17H,1H2,(H2,11,12,13)(H2,18,19,20)/t4-,6-,7-,10-/m1/s1	AMP	346.055		M-H		10.72												2228896	2453757	2499655	2388966	2362081	2963630	2373656	2546594	2011099	2564787	2363280	2484825	4365297	4580165	3941483	3255325	4208462	4341612	4013194	4980411	4119363	4299363	4816352	4893497
CHEBI:29016	C6H14N4O2	NC(CCCNC(N)=N)C(O)=O	InChI=1S/C6H14N4O2/c7-4(5(11)12)2-1-3-10-6(8)9/h4H,1-3,7H2,(H,11,12)(H4,8,9,10)	Arginine	173.104		M-H		13.55												43382401	42708889	42373573	38487772	31213398	39897089	33508293	31396915	29489247	31066803	30696120	30245057	45402285	45831283	41669890	41104444	39501391	40966898	46579620	43565423	41130205	42204599	41001003	40873230
CHEBI:22653	C4H8N2O3	NC(CC(N)=O)C(O)=O	InChI=1S/C4H8N2O3/c5-2(4(8)9)1-3(6)7/h2H,1,5H2,(H2,6,7)(H,8,9)	Asparagine	131.046		M-H		10.1												1415275	1508081	1623617	1587006	1366663	1823519	1737761	1814572	1657619	1847440	1786204	1838653	3445584	3193907	3128784	2616359	2924428	3068456	3029101	3414922	2668008	2941896	3105762	3419578
CHEBI:22660	C4H7NO4	NC(CC(O)=O)C(O)=O	InChI=1S/C4H7NO4/c5-2(4(8)9)1-3(6)7/h2H,1,5H2,(H,6,7)(H,8,9)	Aspartic_acid	132.03		M-H		10.96												216393756	248183390	232792825	245006414	212498994	269705434	246746797	270157430	231477307	263099877	268324942	259636480	191091331	192887243	175658574	166453477	181531817	185750059	178628071	197772158	175513145	184385741	191119069	202897930
CHEBI:15422	C10H16N5O13P3	Nc1ncnc2n(cnc12)[C@@H]1O[C@H](COP(O)(=O)OP(O)(=O)OP(O)(O)=O)[C@@H](O)[C@H]1O	InChI=1S/C10H16N5O13P3/c11-8-5-9(13-2-12-8)15(3-14-5)10-7(17)6(16)4(26-10)1-25-30(21,22)28-31(23,24)27-29(18,19)20/h2-4,6-7,10,16-17H,1H2,(H,21,22)(H,23,24)(H2,11,12,13)(H2,18,19,20)/t4-,6-,7-,10-/m1/s1	ATP	505.988		M-H		12.57												6535170	8998831	9537617	2813033	4656884	3004109	11115641	13956413	2713756	9983538	3988042	3027235	12847584	19810623	12664916	9605045	21412412	20590992	15246627	17476635	15640482	24621280	15303421	20061497
CHEBI:17239	C9H15N3O11P2	Nc1ccn([C@@H]2O[C@H](COP(O)(=O)OP(O)(O)=O)[C@@H](O)[C@H]2O)c(=O)n1	InChI=1S/C9H15N3O11P2/c10-5-1-2-12(9(15)11-5)8-7(14)6(13)4(22-8)3-21-25(19,20)23-24(16,17)18/h1-2,4,6-8,13-14H,3H2,(H,19,20)(H2,10,11,15)(H2,16,17,18)/t4-,6-,7-,8-/m1/s1	CDP	402.01		M-H		12.6												72272	99484	98653	24006	34420	68725	107681	100731	50440	117302	49345	45205	322829	415530	323438	244632	410228	356545	381161	627957	344300	417434	479599	485245
CHEBI:30769	C6H8O7	OC(=O)CC(O)(CC(O)=O)C(O)=O	InChI=1S/C6H8O7/c7-3(8)1-6(13,5(11)12)2-4(9)10/h13H,1-2H2,(H,7,8)(H,9,10)(H,11,12)	Citrate	191.019		M-H		12.84												268915303	273124826	326855515	241814896	304360322	262789909	267061267	310069265	197935445	283695671	214032555	224032841	210124968	247862115	212698699	266230292	297313725	301068876	196422627	225766336	221637486	305360408	252258615	275655326
CHEBI:18211	C6H13N3O3	NC(CCCNC(N)=O)C(O)=O	InChI=1S/C6H13N3O3/c7-4(5(10)11)2-1-3-9-6(8)12/h4H,1-3,7H2,(H,10,11)(H3,8,9,12)	Citrulline	174.088		M-H		10.52												53103	25964	4710	5254	14319	4421	15724	3523	4730	36150	16253	21081	19984	27052	26463	8906	11507	17966	13320	25492	28810	11547	15703	16896
CHEBI:17677	C9H16N3O14P3	Nc1ccn([C@@H]2O[C@H](COP(O)(=O)OP(O)(=O)OP(O)(O)=O)[C@@H](O)[C@H]2O)c(=O)n1	InChI=1S/C9H16N3O14P3/c10-5-1-2-12(9(15)11-5)8-7(14)6(13)4(24-8)3-23-28(19,20)26-29(21,22)25-27(16,17)18/h1-2,4,6-8,13-14H,3H2,(H,19,20)(H,21,22)(H2,10,11,15)(H2,16,17,18)/t4-,6-,7-,8-/m1/s1	CTP	481.977		M-H		13.8												523128	673180	787730	182764	465588	250582	810375	1075586	180714	788150	337737	239001	571609	987811	700141	623659	1355139	1161783	829613	968722	825818	1491587	908569	1099796
CHEBI:15356	C3H7NO2S	NC(CS)C(O)=O	InChI=1S/C3H7NO2S/c4-2(1-7)3(5)6/h2,7H,1,4H2,(H,5,6)	Cysteine	120.012		M-H		11.97												311455	267072	277525	331330	247540	261126	427964	231134	454035	212842	283047	333793	301790	263623	367890	180237	134680	109007	372017	284675	176381	218108	160687	148663
CHEBI:17562	C9H13N3O5	Nc1ccn([C@@H]2O[C@H](CO)[C@@H](O)[C@H]2O)c(=O)n1	InChI=1S/C9H13N3O5/c10-5-1-2-12(9(16)11-5)8-7(15)6(14)4(3-13)17-8/h1-2,4,6-8,13-15H,3H2,(H2,10,11,16)/t4-,6-,7-,8-/m1/s1	Cytidine	242.078		M-H		6.8												12426	9990	9305	9015	4880	3117	14108	6434	5395	12905	9029	1693	18796	27699	22259	11965	12804	23597	34098	20841	24553	7951	10189	14674
CHEBI:28997	C10H12N4O4	OC[C@H]1O[C@H](C[C@@H]1O)n1cnc2c1nc[nH]c2=O	InChI=1S/C10H12N4O4/c15-2-6-5(16)1-7(18-6)14-4-13-8-9(14)11-3-12-10(8)17/h3-7,15-16H,1-2H2,(H,11,12,17)/t5-,6+,7+/m0/s1	Deoxyinosine	251.078		M-H		1.7												36554	31954	4092	8303	17444	4670	3550	8469	18734	36867	20628	12266	12330	13044	NF	10863	21653	6777	60456	17706	5908	24223	11691	31198
CHEBI:16108	C3H7O6P	OCC(=O)COP(O)(O)=O	InChI=1S/C3H7O6P/c4-1-3(5)2-9-10(6,7)8/h4H,1-2H2,(H2,6,7,8)	Dihydroxyacetonephosphate	168.99		M-H		11.3												800724	935062	974686	1225268	1008361	1298551	831781	839059	1049655	955606	1021895	1030470	392349	567467	514580	654609	419404	327069	491307	416142	663020	377701	275432	273524
CHEBI:27470	C19H19N7O6	Nc1nc2ncc(CNc3ccc(cc3)C(=O)N[C@@H](CCC(O)=O)C(O)=O)nc2c(=O)[nH]1	InChI=1S/C19H19N7O6/c20-19-25-15-14(17(30)26-19)23-11(8-22-15)7-21-10-3-1-9(2-4-10)16(29)24-12(18(31)32)5-6-13(27)28/h1-4,8,12,21H,5-7H2,(H,24,29)(H,27,28)(H,31,32)(H3,20,22,25,26,30)/t12-/m0/s1	FolicAcid	440.132		M-H		12.04												962910	793317	724505	659105	594118	598306	571423	474965	439321	450981	467123	465864	502384	575170	453425	542159	482508	410153	668634	516253	569050	471980	414851	396229
CHEBI:15946	C6H13O9P	OCC(=O)[C@@H](O)[C@H](O)[C@H](O)COP(O)(O)=O	InChI=1S/C6H13O9P/c7-1-3(8)5(10)6(11)4(9)2-15-16(12,13)14/h4-7,9-11H,1-2H2,(H2,12,13,14)/t4-,5-,6-/m1/s1	Fructose 6 phosphate	259.022		M-H		11.72												1468647	1561407	1429464	1068283	1036018	1224822	1215930	1190202	922205	1278702	1056648	910324	1794795	1821958	1640203	1900769	1950055	2042872	1408388	1604885	1560199	1451216	1461852	1639090
CHEBI:18012	C4H4O4	OC(=O)\C=C\C(O)=O	InChI=1S/C4H4O4/c5-3(6)1-2-4(7)8/h1-2H,(H,5,6)(H,7,8)/b2-1+	Fumarate	115.003		M-H		11.86												25835477	29191204	27136129	27712133	25021486	32991583	25867509	28641440	24018472	27517393	28149428	27123759	44115415	47120923	41565914	39434890	44089525	45067184	45257883	46807005	42821531	47051542	47208717	49543361
CHEBI:17552	C10H15N5O11P2	Nc1nc2n(cnc2c(=O)[nH]1)[C@@H]1O[C@H](COP(O)(=O)OP(O)(O)=O)[C@@H](O)[C@H]1O	InChI=1S/C10H15N5O11P2/c11-10-13-7-4(8(18)14-10)12-2-15(7)9-6(17)5(16)3(25-9)1-24-28(22,23)26-27(19,20)21/h2-3,5-6,9,16-17H,1H2,(H,22,23)(H2,19,20,21)(H3,11,13,14,18)/t3-,5-,6-,9-/m1/s1	GDP	442.017		M-H		13												77112	99166	114538	24744	50882	30886	137768	181861	41677	134362	52036	46970	140594	188439	155692	144347	210973	213359	193935	248053	187283	244391	229047	234075
CHEBI:33198	C6H12O7	OC[C@@H](O)[C@@H](O)[C@H](O)[C@@H](O)C(O)=O	InChI=1S/C6H12O7/c7-1-2(8)3(9)4(10)5(11)6(12)13/h2-5,7-11H,1H2,(H,12,13)/t2-,3-,4+,5-/m1/s1	D-Gluconate	195.051		M-H		9.92												77247247	92431857	83659034	85965351	77494852	98385221	81947937	93113323	66656470	94041601	86709018	87031018	16639968	16892861	15386106	13506985	16609130	17544651	15484352	16911260	15141628	16651857	17231212	19855530
CHEBI:4167	C6H12O6	OC[C@H]1OC(O)[C@H](O)[C@@H](O)[C@@H]1O	InChI=1S/C6H12O6/c7-1-2-3(8)4(9)5(10)6(11)12-2/h2-11H,1H2/t2-,3-,4+,5-,6?/m1/s1	D-glucopyranose	179.056		M-H		8.77												26365943	25453231	27359508	26350484	20324284	26114041	20545772	19430172	18163312	17117049	20395167	18984236	17943257	25668336	21313918	23301375	18098315	19584123	19522936	16826163	18648215	14573214	12062813	11327339
CHEBI:4170	C6H13O9P	OC1O[C@H](COP(O)(O)=O)[C@@H](O)[C@H](O)[C@H]1O	InChI=1S/C6H13O9P/c7-3-2(1-14-16(11,12)13)15-6(10)5(9)4(3)8/h2-10H,1H2,(H2,11,12,13)/t2-,3-,4+,5-,6?/m1/s1	D-glucopyranose 6-phosphate	259.022		M-H		12.17												3214019	3467519	3309850	2789759	2740981	3142291	3184614	3370518	2412542	3033530	2796813	2781863	1626320	1805268	1636673	2251811	2329240	2203725	1709154	2153176	2163949	2268159	2300052	2052235
CHEBI:18237	C5H9NO4	NC(CCC(O)=O)C(O)=O	InChI=1S/C5H9NO4/c6-3(5(9)10)1-2-4(7)8/h3H,1-2,6H2,(H,7,8)(H,9,10)	Glutamic_acid	146.045		M-H		10.91												331546332	369221391	353181581	368631869	324628087	406341560	355636361	394690143	345042143	377329672	392786730	376019818	837812224	849326978	780403660	689136154	760887740	793358527	772802477	845555208	713549687	761813158	797499085	831774060
CHEBI:28300	C5H10N2O3	NC(CCC(N)=O)C(O)=O	InChI=1S/C5H10N2O3/c6-3(5(9)10)1-2-4(7)8/h3H,1-2,6H2,(H2,7,8)(H,9,10)	Glutamine	145.061		M-H		9.92												206179949	217171777	212442024	218107023	178784306	225962137	219622980	228114843	217096665	225105196	226760797	218762488	571266212	585750124	556837199	509631094	517526425	551168215	592836613	620624616	571180015	584628131	562273901	600277121
CHEBI:15978	C3H9O6P	OC[C@@H](O)COP(O)(O)=O	InChI=1S/C3H9O6P/c4-1-3(5)2-9-10(6,7)8/h3-5H,1-2H2,(H2,6,7,8)/t3-/m1/s1	Glycerol-3-phosphate	171.006		M-H		11.24												359507	450360	391970	360483	309292	427465	399989	437305	327400	388959	362695	352665	16426538	16465470	15016687	11356900	13290565	14118535	16674047	16976171	15291572	14722153	14387117	15989241
CHEBI:17345	C10H14N5O8P	Nc1nc2n(cnc2c(=O)[nH]1)[C@@H]1O[C@H](COP(O)(O)=O)[C@@H](O)[C@H]1O	InChI=1S/C10H14N5O8P/c11-10-13-7-4(8(18)14-10)12-2-15(7)9-6(17)5(16)3(23-9)1-22-24(19,20)21/h2-3,5-6,9,16-17H,1H2,(H2,19,20,21)(H3,11,13,14,18)/t3-,5-,6-,9-/m1/s1	GMP	362.05		M-H		11.96												226220	260490	264254	190988	226902	254075	301344	297575	191634	289202	224217	212733	633005	572681	553391	425846	548296	636936	623379	658620	635914	543184	612405	685410
CHEBI:16856	C10H17N3O6S	N[C@@H](CCC(=O)N[C@@H](CS)C(=O)NCC(=O)O)C(=O)O	InChI=1S/C10H17N3O6S/c11-5(10(18)19)1-2-7(14)13-6(4-20)9(17)12-3-8(15)16/h5-6,20H,1-4,11H2,(H,12,17)(H,13,14)(H,15,16)(H,18,19)/t5-,6-/m0/s1	GSH	306.076		M-H		10.71												812816506	942006895	924204514	976196487	834988970	1121962977	957332078	1004913115	831961172	953155609	1086698950	982445317	1223045140	1291427296	1194437227	796256075	944599802	985214983	1182113427	1293913849	1134679073	976864843	878341812	1084699219
CHEBI:17858	C20H32N6O12S2	N[C@@H](CCC(=O)N[C@@H](CSSC[C@H](NC(=O)CC[C@H](N)C(O)=O)C(=O)NCC(O)=O)C(=O)NCC(O)=O)C(O)=O	InChI=1S/C20H32N6O12S2/c21-9(19(35)36)1-3-13(27)25-11(17(33)23-5-15(29)30)7-39-40-8-12(18(34)24-6-16(31)32)26-14(28)4-2-10(22)20(37)38/h9-12H,1-8,21-22H2,(H,23,33)(H,24,34)(H,25,27)(H,26,28)(H,29,30)(H,31,32)(H,35,36)(H,37,38)/t9-,10-,11-,12-/m0/s1	GSSG	611.144		M-H		12.78												206774355	239707516	221433660	206562480	187277527	256304451	212082602	246578012	182741507	235246806	212332491	206959895	303308159	314798323	264674834	343195155	374659994	393228312	255325343	298837923	261758394	376961809	393773936	384973761
CHEBI:27570	C6H9N3O2	NC(Cc1c[nH]cn1)C(O)=O	InChI=1S/C6H9N3O2/c7-5(6(10)11)1-4-2-8-3-9-4/h2-3,5H,1,7H2,(H,8,9)(H,10,11)	Histidine	154.062		M-H		9.88												60546327	62707496	66397386	62278884	54117238	71303443	64015969	65461967	59211837	63688004	63190332	62870820	63941763	60739181	54990490	54303624	52867493	58155280	60343345	60591609	49286666	58859275	57282471	56022977
CHEBI:17368	C5H4N4O	O=c1[nH]cnc2nc[nH]c12	InChI=1S/C5H4N4O/c10-5-3-4(7-1-6-3)8-2-9-5/h1-2H,(H2,6,7,8,9,10)	Hypoxanthine	135.031		M-H		1.48												406772	334522	NF	NF	NF	NF	NF	142329	NF	153480	NF	NF	NF	NF	NF	NF	212119	NF	NF	NF	NF	NF	NF	283478
CHEBI:77846	C2H3NO2	[O-]C(=O)C=[NH2+]	InChI=1S/C2H3NO2/c3-1-2(4)5/h1,3H,(H,4,5)	Iminoacetate	72.009		M-H		6.47												1112652	1040359	1094736	1235576	912883	1377209	1244107	1460974	1242652	1192538	1129248	1204180	632050	572351	735759	646077	613898	616951	735374	574435	770761	872028	630780	902955
CHEBI:17191	C6H13NO2	OC([C@H]([C@H](CC)C)N)=O	InChI=1S/C6H13NO2/c1-3-4(2)5(7)6(8)9/h4-5H,3,7H2,1-2H3,(H,8,9)/t4-,5-/m0/s1	L-Isoleucine	130.087		M-H		6.95												199691439	202461016	202895356	201111368	163698889	218346256	205418703	199907133	199449166	194779694	206891288	201553899	151413099	153291702	142784536	130219622	125076031	132339466	158835070	149998493	131632711	141130073	137812180	134466011
CHEBI:30838	C5H6O4	C(C(CC(O)=O)=C)(O)=O	InChI=1S/C5H6O4/c1-3(5(8)9)2-4(6)7/h1-2H2,(H,6,7)(H,8,9)	Itaconate	129.019		M-H		11.83												NF	NF	NF	NF	NF	NF	NF	NF	NF	NF	NF	NF	92064746	92956473	87873253	81131979	84816701	86407054	98999399	106422380	97926594	98042479	95109619	103799413
CHEBI:78320	C3H6O3	CC(O)C(O)=O	InChI=1S/C3H6O3/c1-2(4)3(5)6/h2,4H,1H3,(H,5,6)	Lactate	89.024		M-H		7.37												408024540	450076637	404516387	445199606	351561347	510766977	357387531	328346685	328705887	360016513	386951626	347678164	1302279400	1133174402	1114682997	1012468087	1037356682	1093267702	1321112708	1184818933	1000557455	1218317865	1173726676	1170327541
CHEBI:25017	C6H13NO2	CC(C)CC(N)C(O)=O	InChI=1S/C6H13NO2/c1-4(2)3-5(7)6(8)9/h4-5H,3,7H2,1-2H3,(H,8,9)	Leucine	130.087		M-H		6.64												245408068	246397402	252821773	247475190	203971839	275798018	247265256	246281025	246604902	240116459	255251325	247999328	185722600	186362920	174153752	159741688	155989029	168935559	197320995	187858856	161933562	174264657	172247251	164223930
CHEBI:25094	C6H14N2O2	NCCCCC(N)C(O)=O	InChI=1S/C6H14N2O2/c7-4-2-1-3-5(8)6(9)10/h5H,1-4,7-8H2,(H,9,10)	Lysine	145.098		M-H		13.8												38986402	38514136	39414838	34678428	28353341	37005347	31761020	28441114	26729601	27728630	28184170	27541045	44201960	40748298	38942153	36669833	33925801	37385396	44071257	41306324	36718522	38691799	36719059	35522828
CHEBI:6650	C4H6O5	OC(CC(O)=O)C(O)=O	InChI=1S/C4H6O5/c5-2(4(8)9)1-3(6)7/h2,5H,1H2,(H,6,7)(H,8,9)	Malate	133.014		M-H		11.68												1033830095	1181621353	1083777330	1094111134	1024806647	1238693645	1036977658	1158406504	967402822	1126846834	1110852347	1041494559	1421649625	1507030863	1377640966	1349718663	1496949299	1524192402	1426711956	1499280255	1482870950	1570260028	1543380721	1654909784
CHEBI:16899	C6H14O6	OC[C@@H](O)[C@@H](O)[C@H](O)[C@H](O)CO	InChI=1S/C6H14O6/c7-1-3(9)5(11)6(12)4(10)2-8/h3-12H,1-2H2/t3-,4-,5-,6-/m1/s1	D-Mannitol	181.071		M-H		8.28												NF	NF	NF	6422032	5611178	NF	801420268	678532990	699508021	707252614	791579441	743287932	NF	NF	NF	5008900	NF	NF	2016699885	1746862693	1681336631	1696548335	1789024214	1736995735
CHEBI:16298	C6H15O9P	OC[C@@H](O)[C@@H](O)[C@H](O)[C@H](O)COP(O)(O)=O	InChI=1S/C6H15O9P/c7-1-3(8)5(10)6(11)4(9)2-15-16(12,13)14/h3-11H,1-2H2,(H2,12,13,14)/t3-,4-,5-,6-/m1/s1	D-Mannitol 1 phosphate	261.037		M-H		11.76												29796	24360	14820	15574	11614	19938	272950	307826	215184	282193	263949	251146	231980	243859	235788	254262	291187	281267	5699556	5994752	6123016	7014201	7064698	7622424
CHEBI:16811	C5H11NO2S	CSCCC(N)C(O)=O	InChI=1S/C5H11NO2S/c1-9-3-2-4(6)5(7)8/h4H,2-3,6H2,1H3,(H,7,8)	Methionine	148.043		M-H		7.39												31384368	32454804	33032633	32520281	26118838	34486477	31910209	32870222	32463004	32127250	32754213	31656543	34715830	34918461	34037688	29372850	29632588	31298301	35847108	35480918	31413734	32813166	32754368	33520481
CHEBI:17533	C7H11NO5	CC(=O)N[C@@H](CCC(O)=O)C(O)=O	InChI=1S/C7H11NO5/c1-4(9)8-5(7(12)13)2-3-6(10)11/h5H,2-3H2,1H3,(H,8,9)(H,10,11)(H,12,13)/t5-/m0/s1	N-acetyl glutamic acid	188.056		M-H		11.06												4367002	5263012	4421003	5008353	4374331	5472062	4278041	4868122	3511155	4859018	4842041	4800448	9514302	10049998	9289297	7105546	9704804	9971020	8740018	9492487	9171179	9309310	9829233	11803267
CHEBI:16908	C21H29N7O14P2	NC(=O)C1=CN(C=CC1)[C@@H]1O[C@H](COP(O)(=O)OP(O)(=O)OC[C@H]2O[C@H]([C@H](O)[C@@H]2O)n2cnc3c(N)ncnc23)[C@@H](O)[C@H]1O	InChI=1S/C21H29N7O14P2/c22-17-12-19(25-7-24-17)28(8-26-12)21-16(32)14(30)11(41-21)6-39-44(36,37)42-43(34,35)38-5-10-13(29)15(31)20(40-10)27-3-1-2-9(4-27)18(23)33/h1,3-4,7-8,10-11,13-16,20-21,29-32H,2,5-6H2,(H2,23,33)(H,34,35)(H,36,37)(H2,22,24,25)/t10-,11-,13-,14-,15-,16-,20-,21-/m1/s1	NADH	662.101		M-H		10.77												27171722	30340775	29528228	25680045	25122657	30597839	27865595	30340027	22579357	29611958	25463648	25019487	70299449	69936061	63578243	47246412	53987171	58548347	60487161	69160153	60445853	52295099	54552582	58949709
CHEBI:18257	C5H12N2O2	NCCCC(N)C(O)=O	InChI=1S/C5H12N2O2/c6-3-1-2-4(7)5(8)9/h4H,1-3,6-7H2,(H,8,9)	Ornithine	131.082		M-H		13.55												3068056	2961756	3039242	2762614	2233365	2878149	2375655	2223139	2076628	2155048	2163740	2162245	3436655	3499294	3151271	3209235	2994967	3149610	3451894	3297727	2985477	3231555	3046473	3137780
CHEBI:16010	C5H7NO3	OC(=O)C1CCC(=O)N1	InChI=1S/C5H7NO3/c7-4-2-1-3(6-4)5(8)9/h3H,1-2H2,(H,6,7)(H,8,9)	5-Oxoproline	128.035		M-H		8.44												558106156	594301751	635587001	640291596	462116631	709346227	522537074	454860782	608915335	405791920	501190280	436892967	785075309	673769391	686892338	568564138	513787239	563964601	574166154	547306654	411892852	424821449	450075242	341503703
CHEBI:7916	C9H17NO5	CC(C)(CO)C(O)C(=O)NCCC(O)=O	InChI=1S/C9H17NO5/c1-9(2,5-11)7(14)8(15)10-4-3-6(12)13/h7,11,14H,3-5H2,1-2H3,(H,10,15)(H,12,13)	Pantothenate	218.103		M-H		7.34												445000609	451617093	459628683	423943098	388483180	489700949	400114303	438620471	381698664	412454898	426809040	407570799	528971296	559580065	515679221	442488883	464212143	479951930	520857320	557877928	488150494	498306867	514900217	502820181
CHEBI:28044	C9H11NO2	NC(Cc1ccccc1)C(O)=O	InChI=1S/C9H11NO2/c10-8(9(11)12)6-7-4-2-1-3-5-7/h1-5,8H,6,10H2,(H,11,12)	Phenylalanine	164.071		M-H		6.47												507231101	540479133	532262795	521341931	434803725	579714997	530446977	532622995	515241008	517096113	537148450	517495262	334953457	343016991	313428905	297047238	286596056	311029818	360083622	331539236	298757200	322962571	303728999	307722321
CHEBI:44897	C3H5O6P	OC(=O)C(=C)OP(O)(O)=O	InChI=1S/C3H5O6P/c1-2(3(4)5)9-10(6,7)8/h1H2,(H,4,5)(H2,6,7,8)	Phosphoenolpyruvate	166.975		M-H		12.92												111020	173726	173664	140569	127385	135102	124735	113605	104400	128801	99799	100583	127050	158790	120957	160221	116265	128452	112943	98498	129566	130304	75054	92546
CHEBI:26271	C5H9NO2	OC(=O)C1CCCN1	InChI=1S/C5H9NO2/c7-5(8)4-2-1-3-6-4/h4,6H,1-3H2,(H,7,8)	Proline	114.056		M-H		8.12												4311386	4672364	4781060	4943588	4095332	6149784	5330368	5477864	5114526	5412441	6215269	5858938	8285482	6750461	6710321	4586342	5369638	6487011	6712796	6403673	4646063	5757400	6599278	6517079
CHEBI:16709	C8H11NO3	CC1=C(O)C(CO)=C(CO)C=N1	InChI=1S/C8H11NO3/c1-5-8(12)7(4-11)6(3-10)2-9-5/h2,10-12H,3-4H2,1H3	Pyridoxine	168.066		M-H		2.28												250567010	249187768	239344148	228372394	182708977	234321627	191999135	184495084	169652970	180755348	180355240	170276747	287219668	306548942	282951441	258703238	251233083	261858986	291646185	287886470	257546456	269978951	253847923	259776794
CHEBI:32816	C3H4O3	CC(=O)C(O)=O	InChI=1S/C3H4O3/c1-2(4)3(5)6/h1H3,(H,5,6)	Pyruvate	87.008		M-H		5.46												121729430	121491075	121791156	103639566	83873458	106396643	94587319	80272703	82368013	80530208	77814923	72336625	101925252	108361559	113388738	100434802	82909228	84667286	123581234	106278850	117096869	75325056	76713200	76831263
CHEBI:17015	C17H20N4O6	CC1=C(C)C=C2N(C[C@H](O)[C@H](O)[C@H](O)CO)C3=NC(=O)NC(=O)C3=NC2=C1	InChI=1S/C17H20N4O6/c1-7-3-9-10(4-8(7)2)21(5-11(23)14(25)12(24)6-22)15-13(18-9)16(26)20-17(27)19-15/h3-4,11-12,14,22-25H,5-6H2,1-2H3,(H,20,26,27)/t11-,12+,14-/m0/s1	Riboflavin	375.131		M-H		3.68												3178763	2997794	2849379	2865110	1372795	2058598	1773038	1708216	1376719	1467080	1502722	1398254	2278477	2076941	1921062	1928789	1627897	1616929	2293566	1916121	1882141	1860018	1750089	1582892
CHEBI:17797	C5H11O8P	O[C@H](COP(O)(O)=O)[C@@H](O)[C@@H](O)C=O	InChI=1S/C5H11O8P/c6-1-3(7)5(9)4(8)2-13-14(10,11)12/h1,3-5,7-9H,2H2,(H2,10,11,12)/t3-,4+,5-/m0/s1	Ribose 5 phosphate	229.011		M-H		11.56												1211488	1444394	1387107	1359820	1327410	1671026	1408658	1476804	1286492	1377375	1502780	1358832	1227578	1310530	1158278	1520646	1430828	1488994	1246457	1266576	1311739	1494551	1335052	1425491
CHEBI:15611	C3H7NO2	CNCC(O)=O	InChI=1S/C3H7NO2/c1-4-2-3(5)6/h4H,2H2,1H3,(H,5,6)	Sarcosine	88.04		M-H		7.34												4211161	3989407	4179824	4049763	3496845	4598318	3542602	4108766	3710075	3792641	3838475	3395351	4330308	4865483	4977375	4279525	4026452	4343424	4672384	4758439	4262843	4422872	4626154	
CHEBI:15721	C7H15O10P	OCC(=O)[C@@H](O)[C@H](O)[C@H](O)[C@H](O)COP(O)(O)=O	InChI=1S/C7H15O10P/c8-1-3(9)5(11)7(13)6(12)4(10)2-17-18(14,15)16/h4-8,10-13H,1-2H2,(H2,14,15,16)/t4-,5-,6-,7+/m1/s1	Sedoheptulose 7 phosphate	289.033		M-H		11.95												630652	661740	637371	492149	527010	589789	686093	764599	542946	672738	531854	533750	2639387	2578334	2492118	2764995	3163154	3361307	2358614	2547067	2517664	3020282	2996301	3186953
CHEBI:17822	C3H7NO3	NC(CO)C(O)=O	InChI=1S/C3H7NO3/c4-2(1-5)3(6)7/h2,5H,1,4H2,(H,6,7)	Serine	104.035		M-H		10.14												41387357	44610233	44043686	43782956	37541574	47383856	45889400	47728746	45975256	46404903	48221712	46803946	83111668	93423335	83870414	83514556	82624773	84162159	89574075	96338772	90469873	89226746	86107420	89306720
CHEBI:15741	C4H6O4	OC(=O)CCC(O)=O	InChI=1S/C4H6O4/c5-3(6)1-2-4(7)8/h1-2H2,(H,5,6)(H,7,8)	Succinic acid	117.019		M-H		11.3												46444240	49937564	45129605	48826650	44723991	51000476	46156906	48120335	44615726	48821765	48836669	46123848	42799890	44879843	41147566	40009769	40702029	42070462	40366033	42768935	40715966	41819733	43701380	42532563
CHEBI:15891	C2H7NO3S	C(CS(O)(=O)=O)N	InChI=1S/C2H7NO3S/c3-1-2-7(4,5)6/h1-3H2,(H,4,5,6)	Taurine	124.007		M-H		9.36												15172503	17694812	15218385	17142316	13130962	22057308	18320505	19217821	15029331	19540992	18606089	19079672	29171172	28857345	27476025	23759169	25894085	28067240	26995035	27188652	24527731	24924670	26183546	26821113
CHEBI:37574	C12H17N4O4PS	Cc1ncc(C[n+]2csc(CCOP(O)([O-])=O)c2C)c(N)n1	InChI=1S/C12H17N4O4PS/c1-8-11(3-4-20-21(17,18)19)22-7-16(8)6-10-5-14-9(2)15-12(10)13/h5,7H,3-4,6H2,1-2H3,(H3-,13,14,15,17,18,19)	Thiamine monophosphate	342.055		M-H		7.34												3036647	2583904	2958819	2815165	2658371	3338207	2902393	2785750	2804126	2799797	2949213	2881423	3738904	3345910	3396026	3033931	3168394	3372956	3968632	3487591	2959526	3390280	3621220	3012587
CHEBI:27897	C11H12N2O2	NC(Cc1c[nH]c2ccccc12)C(O)=O	InChI=1S/C11H12N2O2/c12-9(11(14)15)5-7-6-13-10-4-2-1-3-8(7)10/h1-4,6,9,13H,5,12H2,(H,14,15)	Tryptophan	203.082		M-H		7.15												42646431	43389665	43530651	42129417	36062540	45017870	42451955	43505519	41264251	42558383	43639350	41281674	20877121	22177726	20038310	19799077	19269135	19856266	23915646	20404884	20210945	20844235	20103619	20236402
CHEBI:18186	C9H11NO3	NC(Cc1ccc(O)cc1)C(O)=O	InChI=1S/C9H11NO3/c10-8(9(12)13)5-6-1-3-7(11)4-2-6/h1-4,8,11H,5,10H2,(H,12,13)	Tyrosine	180.066		M-H		8.26												67196657	70768689	69793406	68259091	56156117	74082422	65274349	65071787	62699720	62712256	64831961	64749316	45415710	45313817	40904011	38843110	37805426	39584648	42827945	41979155	36983551	39935349	39322218	37974261
CHEBI:17659	C9H14N2O12P2	O[C@@H]1[C@@H](COP(O)(=O)OP(O)(O)=O)O[C@H]([C@@H]1O)n1ccc(=O)[nH]c1=O	InChI=1S/C9H14N2O12P2/c12-5-1-2-11(9(15)10-5)8-7(14)6(13)4(22-8)3-21-25(19,20)23-24(16,17)18/h1-2,4,6-8,13-14H,3H2,(H,19,20)(H,10,12,15)(H2,16,17,18)/t4-,6-,7-,8-/m1/s1	UDP	402.994		M-H		12.06												2876196	3504308	3096794	1545912	1520600	1980430	2579544	3608612	1198013	2672381	1499851	1507839	5696979	6883071	6248937	2192034	3031467	3420767	5414876	6916630	6680688	2566369	2360810	3491079
CHEBI:18066	C15H24N2O17P2	OC[C@H]1OC(OP(O)(=O)OP(O)(=O)OC[C@H]2O[C@H]([C@H](O)[C@@H]2O)n2ccc(=O)[nH]c2=O)[C@H](O)[C@@H](O)[C@@H]1O	InChI=1S/C15H24N2O17P2/c18-3-5-8(20)10(22)12(24)14(32-5)33-36(28,29)34-35(26,27)30-4-6-9(21)11(23)13(31-6)17-2-1-7(19)16-15(17)25/h1-2,5-6,8-14,18,20-24H,3-4H2,(H,26,27)(H,28,29)(H,16,19,25)/t5-,6-,8-,9-,10+,11-,12-,13-,14?/m1/s1	UDP glucose	565.047		M-H		11.6												63944932	78815724	70057591	33977360	32556180	42403201	59429249	73090189	31322996	62321039	33866783	34585874	108481282	120982559	108317182	38662486	45222961	56800750	101775753	121683000	118797801	43080557	42407309	54493855
CHEBI:16264	C17H27N3O17P2	CC(=O)N[C@@H]1[C@@H](O)[C@H](O)[C@@H](CO)O[C@@H]1OP(O)(=O)OP(O)(=O)OC[C@H]1O[C@H]([C@H](O)[C@@H]1O)n1ccc(=O)[nH]c1=O	InChI=1S/C17H27N3O17P2/c1-6(22)18-10-13(26)11(24)7(4-21)35-16(10)36-39(31,32)37-38(29,30)33-5-8-12(25)14(27)15(34-8)20-3-2-9(23)19-17(20)28/h2-3,7-8,10-16,21,24-27H,4-5H2,1H3,(H,18,22)(H,29,30)(H,31,32)(H,19,23,28)/t7-,8-,10-,11-,12-,13-,14-,15-,16-/m1/s1	UDP N acetylglucosamine	606.073		M-H		11.18												89119275	119962306	105478801	59006007	49508287	69080618	100208229	120901397	55315767	101292480	64057300	60856383	127349378	135426287	119244746	35987511	44234545	53896099	205269605	244249016	206072410	62361579	63389217	86497023
CHEBI:16695	C9H13N2O9P	O[C@@H]1[C@@H](COP(O)(O)=O)O[C@H]([C@@H]1O)n1ccc(=O)[nH]c1=O	InChI=1S/C9H13N2O9P/c12-5-1-2-11(9(15)10-5)8-7(14)6(13)4(20-8)3-19-21(16,17)18/h1-2,4,6-8,13-14H,3H2,(H,10,12,15)(H2,16,17,18)/t4-,6-,7-,8-/m1/s1	UMP	323.028		M-H		11.05												954141	1054992	1005984	908206	876830	1023277	960321	1041369	878470	983221	896632	867764	2133656	1918841	1857090	1442053	1804845	1934331	2159480	2474380	2135000	1837620	2150249	2306620
CHEBI:16704	C9H12N2O6	OC[C@H]1O[C@H]([C@H](O)[C@@H]1O)n1ccc(=O)[nH]c1=O	InChI=1S/C9H12N2O6/c12-3-4-6(14)7(15)8(17-4)11-2-1-5(13)10-9(11)16/h1-2,4,6-8,12,14-15H,3H2,(H,10,13,16)/t4-,6-,7-,8-/m1/s1	Uridine	243.062		M-H		3.8												8019031	8638520	7521446	7004608	5865408	7769510	7084141	7233528	5401148	6790458	6884118	6540107	2003266	2117944	2061019	1537151	1678369	1856624	2310093	2226826	1891338	1834980	1874416	2196956
CHEBI:15713	C9H15N2O15P3	O[C@@H]1[C@@H](COP(O)(=O)OP(O)(=O)OP(O)(O)=O)O[C@H]([C@@H]1O)n1ccc(=O)[nH]c1=O	InChI=1S/C9H15N2O15P3/c12-5-1-2-11(9(15)10-5)8-7(14)6(13)4(24-8)3-23-28(19,20)26-29(21,22)25-27(16,17)18/h1-2,4,6-8,13-14H,3H2,(H,19,20)(H,21,22)(H,10,12,15)(H2,16,17,18)/t4-,6-,7-,8-/m1/s1	UTP	482.961		M-H		13.05												3312662	5102574	5002728	1310939	2264046	1399803	5476385	6935564	1181817	5806591	1882593	1412610	3361487	5316896	4247818	2305765	4946480	4837072	5146452	5898497	5653121	5940525	3770475	5080269
CHEBI:27266	C5H11NO2	CC(C)C(N)C(O)=O	InChI=1S/C5H11NO2/c1-3(2)4(6)5(7)8/h3-4H,6H2,1-2H3,(H,7,8)	Valine	116.071		M-H		7.87												104783760	106016835	107239663	105354971	85883917	120398698	105693261	104745127	102157268	101577109	109256637	107623747	89024849	86392655	85211988	71653964	69887093	76605832	91802212	87679323	74845706	77744526	80200725	74934199
